{
	"format_version": "1.8.0",
	"animations": {
		"animation.iceboat.paddle": {
			"animation_length": 2.08333,
			"bones": {
				"paddle_left": {
					"rotation": {
						"0.0": {
							"vector": [0, 0, 0]
						},
						"0.2917": {
							"vector": [-25, -27.5, 0]
						},
						"0.7083": {
							"vector": [-100.70372, -43.07238, 61.20502]
						},
						"1.0": {
							"vector": [-121.38532, -0.70796, 81.56587]
						},
						"1.2917": {
							"vector": [-100.70372, -43.07238, 61.20502]
						},
						"1.7083": {
							"vector": [-25, -27.5, 0]
						},
						"2.0": {
							"vector": [0, 0, 0]
						}
					},
					"position": {
						"vector": [0, 0, 0]
					}
				},
				"paddle_right": {
					"rotation": {
						"0.0": {
							"vector": [0, 2.5, 0]
						},
						"0.2917": {
							"vector": [-34.40473, 19.29879, -15.58937]
						},
						"0.4583": {
							"vector": [-59.69982, 32.52434, -34.27687]
						},
						"0.7083": {
							"vector": [-106.16651, 46.45784, -66.69917]
						},
						"0.8333": {
							"vector": [-108.90861, 24.59251, -72.98895]
						},
						"1.0": {
							"vector": [-112.37941, -1.8443, -79.62737]
						},
						"1.1667": {
							"vector": [-108.90861, 24.59251, -72.98895]
						},
						"1.2917": {
							"vector": [-106.16651, 46.45784, -66.69917]
						},
						"1.5417": {
							"vector": [-59.69982, 32.52434, -34.27687]
						},
						"1.7083": {
							"vector": [-34.40473, 19.29879, -15.58937]
						},
						"2.0": {
							"vector": [0, 2.5, 0]
						}
					},
					"position": {
						"0.0": {
							"vector": [0, 0, 1]
						},
						"0.125": {
							"vector": [0.01, -1.18, 6.47]
						},
						"0.2917": {
							"vector": [2.35, -2.76, 13.76]
						},
						"0.4583": {
							"vector": [8.6, -5.84, 21.14]
						},
						"0.5833": {
							"vector": [15.48, -7.3, 25.95]
						},
						"0.7083": {
							"vector": [22.35, -6.76, 28.76]
						},
						"0.8333": {
							"vector": [22.06, -17.33, 24.33]
						},
						"1.0": {
							"vector": [24.35, -26.76, 13.76]
						},
						"1.1667": {
							"vector": [22.06, -17.33, 24.33]
						},
						"1.2917": {
							"vector": [22.35, -6.76, 28.76]
						},
						"1.4167": {
							"vector": [15.48, -7.3, 25.95]
						},
						"1.5417": {
							"vector": [8.6, -5.84, 21.14]
						},
						"1.7083": {
							"vector": [2.35, -2.76, 13.76]
						},
						"1.875": {
							"vector": [0.01, -1.18, 6.47]
						},
						"2.0": {
							"vector": [0, 0, 1]
						}
					}
				}
			}
		}
	},
	"geckolib_format_version": 2
}